{

  "schedule": [{
    "date": "2047-05-17",
    "groups": [{
      "time": "8:00 am",
      "sessions": [{
        "name": "Breakfast",
        "timeStart": "8:00 am",
        "timeEnd": "9:00 am",
        "location": "Main hallway",
        "tracks": ["Food"]
      }, {
        "name": "Meet and Greet",
        "timeStart": "9:00 am",
        "timeEnd": "9:15 am",
        "location": "Main hallway",
        "tracks": ["Food"]
      }]
    }, {
      "time": "9:15 am",
      "sessions": [{
        "name": "Introduction to Appcamp.io",
        "location": "Room 2203",
        "description": "Mobile devices and browsers are now advanced enough that developers can build native-quality mobile apps using open web technologies like HTML5, Javascript, and CSS. In this talk, we’ll provide background on why and how we created Ionic, the design decisions made as we integrated Ionic with Angular, and the performance considerations for mobile platforms that our team had to overcome. We’ll also review new and upcoming Ionic features, and talk about the hidden powers and benefits of combining mobile app development and Angular.",
        "speakerNames": ["Ellie Elephant"],
        "timeStart": "9:15 am",
        "timeEnd": "9:30 am",
        "tracks": ["Ionic"]
      }, {
        "name": "Getting started with Ionic",
        "location": "Room 2202",
        "description": "Mobile devices and browsers are now advanced enough that developers can build native-quality mobile apps using open web technologies like HTML5, Javascript, and CSS. In this talk, we’ll provide background on why and how we created Ionic, the design decisions made as we integrated Ionic with Angular, and the performance considerations for mobile platforms that our team had to overcome. We’ll also review new and upcoming Ionic features, and talk about the hidden powers and benefits of combining mobile app development and Angular.",
        "speakerNames": ["Ted Turtle"],
        "timeStart": "9:30 am",
        "timeEnd": "9:45 am",
        "tracks": ["Ionic"]
      }, {
        "name": "Tooling for Ionic",
        "location": "Room 2201",
        "description": "Mobile devices and browsers are now advanced enough that developers can build native-quality mobile apps using open web technologies like HTML5, Javascript, and CSS. In this talk, we’ll provide background on why and how we created Ionic, the design decisions made as we integrated Ionic with Angular, and the performance considerations for mobile platforms that our team had to overcome. We’ll also review new and upcoming Ionic features, and talk about the hidden powers and benefits of combining mobile app development and Angular.",
        "speakerNames": ["Rachel Rabbit"],
        "timeStart": "9:45 am",
        "timeEnd": "10:00 am",
        "tracks": ["Tooling"]
      }]
    }, {
      "time": "10:00 am",
      "sessions": [{
        "name": "Migrating to Ionic2",
        "location": "Room 2201",
        "description": "Mobile devices and browsers are now advanced enough that developers can build native-quality mobile apps using open web technologies like HTML5, Javascript, and CSS. In this talk, we’ll provide background on why and how we created Ionic, the design decisions made as we integrated Ionic with Angular, and the performance considerations for mobile platforms that our team had to overcome. We’ll also review new and upcoming Ionic features, and talk about the hidden powers and benefits of combining mobile app development and Angular.",
        "speakerNames": ["Eva Eagle", "Lionel Lion"],
        "timeStart": "10:00 am",
        "timeEnd": "10:15 am",
        "tracks": ["Ionic"]
      }, {
        "name": "Whats new in Angular",
        "location": "Room 2203",
        "description": "Mobile devices and browsers are now advanced enough that developers can build native-quality mobile apps using open web technologies like HTML5, Javascript, and CSS. In this talk, we’ll provide background on why and how we created Ionic, the design decisions made as we integrated Ionic with Angular, and the performance considerations for mobile platforms that our team had to overcome. We’ll also review new and upcoming Ionic features, and talk about the hidden powers and benefits of combining mobile app development and Angular.",
        "speakerNames": ["Rachel Rabbit"],
        "timeStart": "10:15 am",
        "timeEnd": "10:30 am",
        "tracks": ["Angular"]
      }, {
        "name": "The evolution of Ionicons",
        "location": "Room 2202",
        "description": "Mobile devices and browsers are now advanced enough that developers can build native-quality mobile apps using open web technologies like HTML5, Javascript, and CSS. In this talk, we’ll provide background on why and how we created Ionic, the design decisions made as we integrated Ionic with Angular, and the performance considerations for mobile platforms that our team had to overcome. We’ll also review new and upcoming Ionic features, and talk about the hidden powers and benefits of combining mobile app development and Angular.",
        "speakerNames": ["Isabella Iguana", "Eva Eagle"],
        "timeStart": "10:30 am",
        "timeEnd": "10:45 am",
        "tracks": ["Design"]
      }, {
        "name": "Ionic.io Services",
        "location": "Room 2202",
        "description": "Mobile devices and browsers are now advanced enough that developers can build native-quality mobile apps using open web technologies like HTML5, Javascript, and CSS. In this talk, we’ll provide background on why and how we created Ionic, the design decisions made as we integrated Ionic with Angular, and the performance considerations for mobile platforms that our team had to overcome. We’ll also review new and upcoming Ionic features, and talk about the hidden powers and benefits of combining mobile app development and Angular.",
        "speakerNames": ["Charlie Cheetah"],
        "timeStart": "10:45 am",
        "timeEnd": "11:00 am",
        "tracks": ["Services"]
      }]
    }, {
      "time": "11:00 am",
      "sessions": [{
        "name": "Ionic Workshop",
        "location": "Room 2201",
        "description": "Mobile devices and browsers are now advanced enough that developers can build native-quality mobile apps using open web technologies like HTML5, Javascript, and CSS. In this talk, we’ll provide background on why and how we created Ionic, the design decisions made as we integrated Ionic with Angular, and the performance considerations for mobile platforms that our team had to overcome. We’ll also review new and upcoming Ionic features, and talk about the hidden powers and benefits of combining mobile app development and Angular.",
        "speakerNames": ["Karl Kitten", "Lionel Lion"],
        "timeStart": "11:00 am",
        "timeEnd": "11:45 am",
        "tracks": ["Workshop"]
      }, {
        "name": "Community Interaction",
        "location": "Room 2203",
        "description": "Mobile devices and browsers are now advanced enough that developers can build native-quality mobile apps using open web technologies like HTML5, Javascript, and CSS. In this talk, we’ll provide background on why and how we created Ionic, the design decisions made as we integrated Ionic with Angular, and the performance considerations for mobile platforms that our team had to overcome. We’ll also review new and upcoming Ionic features, and talk about the hidden powers and benefits of combining mobile app development and Angular.",
        "speakerNames": ["Lionel Lion", "Gino Giraffe"],
        "timeStart": "11:30 am",
        "timeEnd": "11:50 am",
        "tracks": ["Communication"]
      }, {
        "name": "Navigation in Ionic",
        "location": "Room 2203",
        "description": "Mobile devices and browsers are now advanced enough that developers can build native-quality mobile apps using open web technologies like HTML5, Javascript, and CSS. In this talk, we’ll provide background on why and how we created Ionic, the design decisions made as we integrated Ionic with Angular, and the performance considerations for mobile platforms that our team had to overcome. We’ll also review new and upcoming Ionic features, and talk about the hidden powers and benefits of combining mobile app development and Angular.",
        "speakerNames": ["Rachel Rabbit", "Eva Eagle"],
        "timeStart": "11:30 am",
        "timeEnd": "12:00 pm",
        "tracks": ["Navigation"]
      }]
    }, {
      "time": "12:00 pm",
      "sessions": [{
        "name": "Lunch",
        "location": "Auditorium",
        "description": "Come grab lunch with all the Ionic fanatics and talk all things Ionic",
        "timeStart": "12:00 pm",
        "timeEnd": "1:00 pm",
        "tracks": ["Food"]
      }]
    }, {
      "time": "1:00 pm",
      "sessions": [{
        "name": "Ionic in the Enterprise",
        "location": "Room 2201",
        "description": "Mobile devices and browsers are now advanced enough that developers can build native-quality mobile apps using open web technologies like HTML5, Javascript, and CSS. In this talk, we’ll provide background on why and how we created Ionic, the design decisions made as we integrated Ionic with Angular, and the performance considerations for mobile platforms that our team had to overcome. We’ll also review new and upcoming Ionic features, and talk about the hidden powers and benefits of combining mobile app development and Angular.",
        "speakerNames": ["Paul Puppy"],
        "timeStart": "1:00 pm",
        "timeEnd": "1:15 pm",
        "tracks": ["Communication"]
      }, {
        "name": "Ionic Worldwide",
        "location": "Room 2201",
        "description": "Mobile devices and browsers are now advanced enough that developers can build native-quality mobile apps using open web technologies like HTML5, Javascript, and CSS. In this talk, we’ll provide background on why and how we created Ionic, the design decisions made as we integrated Ionic with Angular, and the performance considerations for mobile platforms that our team had to overcome. We’ll also review new and upcoming Ionic features, and talk about the hidden powers and benefits of combining mobile app development and Angular.",
        "speakerNames": ["Gino Giraffe"],
        "timeStart": "1:15 pm",
        "timeEnd": "1:30 pm",
        "tracks": ["Communication"]
      }, {
        "name": "The Ionic package service",
        "location": "Room 2203",
        "description": "Mobile devices and browsers are now advanced enough that developers can build native-quality mobile apps using open web technologies like HTML5, Javascript, and CSS. In this talk, we’ll provide background on why and how we created Ionic, the design decisions made as we integrated Ionic with Angular, and the performance considerations for mobile platforms that our team had to overcome. We’ll also review new and upcoming Ionic features, and talk about the hidden powers and benefits of combining mobile app development and Angular.",
        "speakerNames": ["Molly Mouse", "Burt Bear"],
        "timeStart": "1:30 pm",
        "timeEnd": "2:00 pm",
        "tracks": ["Services"]
      }]
    }, {
      "time": "2:00 pm",
      "sessions": [{
        "name": "Push Notifications in Ionic",
        "location": "Room 2202",
        "description": "Mobile devices and browsers are now advanced enough that developers can build native-quality mobile apps using open web technologies like HTML5, Javascript, and CSS. In this talk, we’ll provide background on why and how we created Ionic, the design decisions made as we integrated Ionic with Angular, and the performance considerations for mobile platforms that our team had to overcome. We’ll also review new and upcoming Ionic features, and talk about the hidden powers and benefits of combining mobile app development and Angular.",
        "speakerNames": ["Burt Bear", "Charlie Cheetah"],
        "timeStart": "2:00 pm",
        "timeEnd": "2:30 pm",
        "tracks": ["Services"]
      }, {
        "name": "Ionic Documentation",
        "location": "Room 2202",
        "description": "Mobile devices and browsers are now advanced enough that developers can build native-quality mobile apps using open web technologies like HTML5, Javascript, and CSS. In this talk, we’ll provide background on why and how we created Ionic, the design decisions made as we integrated Ionic with Angular, and the performance considerations for mobile platforms that our team had to overcome. We’ll also review new and upcoming Ionic features, and talk about the hidden powers and benefits of combining mobile app development and Angular.",
        "speakerNames": ["Donald Duck"],
        "timeStart": "2:30 pm",
        "timeEnd": "2:45 pm",
        "tracks": ["Documentation"]
      }, {
        "name": "UX planning in Ionic",
        "location": "Room 2203",
        "description": "Mobile devices and browsers are now advanced enough that developers can build native-quality mobile apps using open web technologies like HTML5, Javascript, and CSS. In this talk, we’ll provide background on why and how we created Ionic, the design decisions made as we integrated Ionic with Angular, and the performance considerations for mobile platforms that our team had to overcome. We’ll also review new and upcoming Ionic features, and talk about the hidden powers and benefits of combining mobile app development and Angular.",
        "speakerNames": ["Isabella Iguana", "Ellie Elephant"],
        "timeStart": "2:45 pm",
        "timeEnd": "3:00 pm",
        "tracks": ["Design"]
      }]
    }, {
      "time": "3:00",
      "sessions": [{
        "name": "Directives in Ionic",
        "location": "Room 2201",
        "description": "Mobile devices and browsers are now advanced enough that developers can build native-quality mobile apps using open web technologies like HTML5, Javascript, and CSS. In this talk, we’ll provide background on why and how we created Ionic, the design decisions made as we integrated Ionic with Angular, and the performance considerations for mobile platforms that our team had to overcome. We’ll also review new and upcoming Ionic features, and talk about the hidden powers and benefits of combining mobile app development and Angular.",
        "speakerNames": ["Ted Turtle"],
        "timeStart": "3:00 pm",
        "timeEnd": "3:30 pm",
        "tracks": ["Angular"]
      }, {
        "name": "Mobile States",
        "location": "Room 2202",
        "description": "Mobile devices and browsers are now advanced enough that developers can build native-quality mobile apps using open web technologies like HTML5, Javascript, and CSS. In this talk, we’ll provide background on why and how we created Ionic, the design decisions made as we integrated Ionic with Angular, and the performance considerations for mobile platforms that our team had to overcome. We’ll also review new and upcoming Ionic features, and talk about the hidden powers and benefits of combining mobile app development and Angular.",
        "speakerNames": ["Rachel Rabbit"],
        "timeStart": "3:30 pm",
        "timeEnd": "3:45 pm",
        "tracks": ["Navigation"]
      }, {
        "name": "Progressive Web Apps",
        "location": "Room 2203",
        "description": "Progressive Web Apps are a first class citizen in Ionic. In this talk we will discuss what PWA's are, service workers and how to build an Awesome PWA with Ionic",
        "speakerNames": ["Burt Bear"],
        "timeStart": "3:45 pm",
        "timeEnd": "4:15 pm",
        "tracks": ["Workshop"]
      }, {
        "name": "Observables",
        "location": "Room 2204",
        "description": "Observables allow for a new reactive programming paradigm. In this talk we will discuss the basics of using observables and some awesome use cases for them",
        "speakerNames": ["Isabella Iguana", "Ellie Elephant"],
        "timeStart": "4:15 pm",
        "timeEnd": "4:45 pm",
        "tracks": ["Workshop"]
      }]
    }]
  }],


  "speakers": [{
    "name": "Burt Bear",
    "profilePic": "assets/img/speakers/bear.jpg",
    "twitter": "ionicframework",
    "about": "Burt is a Bear.",
    "location": "Everywhere",
    "email": "burt@example.com",
    "phone": "+1-541-754-3010"
  }, {
    "name": "Charlie Cheetah",
    "profilePic": "assets/img/speakers/cheetah.jpg",
    "twitter": "ionicframework",
    "about": "Charlie is a Cheetah.",
    "location": "Everywhere",
    "email": "charlie@example.com",
    "phone": "+1-541-754-3010"
  }, {
    "name": "Donald Duck",
    "profilePic": "assets/img/speakers/duck.jpg",
    "twitter": "ionicframework",
    "about": "Donald is a Duck.",
    "location": "Everywhere",
    "email": "donald@example.com",
    "phone": "+1-541-754-3010"
  }, {
    "name": "Eva Eagle",
    "profilePic": "assets/img/speakers/eagle.jpg",
    "twitter": "ionicframework",
    "about": "Eva is an Eagle.",
    "location": "Everywhere",
    "email": "eva@example.com",
    "phone": "+1-541-754-3010"
  }, {
    "name": "Ellie Elephant",
    "profilePic": "assets/img/speakers/elephant.jpg",
    "twitter": "ionicframework",
    "about": "Ellie is an Elephant.",
    "location": "Everywhere",
    "email": "ellie@example.com",
    "phone": "+1-541-754-3010"
  }, {
    "name": "Gino Giraffe",
    "profilePic": "assets/img/speakers/giraffe.jpg",
    "twitter": "ionicframework",
    "about": "Gino is a Giraffe.",
    "location": "Everywhere",
    "email": "gino@example.com",
    "phone": "+1-541-754-3010"
  }, {
    "name": "Isabella Iguana",
    "profilePic": "assets/img/speakers/iguana.jpg",
    "twitter": "ionicframework",
    "about": "Isabella is an Iguana.",
    "location": "Everywhere",
    "email": "isabella@example.com",
    "phone": "+1-541-754-3010"
  }, {
    "name": "Karl Kitten",
    "profilePic": "assets/img/speakers/kitten.jpg",
    "twitter": "ionicframework",
    "about": "Karl is a Kitten.",
    "location": "Everywhere",
    "email": "karl@example.com",
    "phone": "+1-541-754-3010"
  }, {
    "name": "Lionel Lion",
    "profilePic": "assets/img/speakers/lion.jpg",
    "twitter": "ionicframework",
    "about": "Lionel is a Lion.",
    "location": "Everywhere",
    "email": "lionel@example.com",
    "phone": "+1-541-754-3010"
  }, {
    "name": "Molly Mouse",
    "profilePic": "assets/img/speakers/mouse.jpg",
    "twitter": "ionicframework",
    "about": "Molly is a Mouse.",
    "location": "Everywhere",
    "email": "molly@example.com",
    "phone": "+1-541-754-3010"
  }, {
    "name": "Paul Puppy",
    "profilePic": "assets/img/speakers/puppy.jpg",
    "twitter": "ionicframework",
    "about": "Paul is a Puppy.",
    "location": "Everywhere",
    "email": "paul@example.com",
    "phone": "+1-541-754-3010"
  }, {
    "name": "Rachel Rabbit",
    "profilePic": "assets/img/speakers/rabbit.jpg",
    "twitter": "ionicframework",
    "about": "Rachel is a Rabbit.",
    "location": "Everywhere",
    "email": "rachel@example.com",
    "phone": "+1-541-754-3010"
  }, {
    "name": "Ted Turtle",
    "profilePic": "assets/img/speakers/turtle.jpg",
    "twitter": "ionicframework",
    "about": "Ted is a Turtle.",
    "location": "Everywhere",
    "email": "ted@example.com",
    "phone": "+1-541-754-3010"
  }],


  "map": [{
    "name": "Monona Terrace Convention Center",
    "lat": 43.071584,
    "lng": -89.380120,
    "center": true
  }, {
    "name": "Ionic HQ",
    "lat": 43.074395,
    "lng": -89.381056
  }, {
    "name": "Afterparty - Brocach Irish Pub",
    "lat": 43.07336,
    "lng": -89.38335
  }]

}
